City_ID,City,Country,Date,Lat,Lng,Current Description,Max Temp,Humidity,Cloudiness,Wind Speed
0,Kizukuri,JP,2022-10-06 04:26:19,40.8061,140.3861,overcast clouds,57.52,59,100,4.85
1,Ushuaia,AR,2022-10-06 04:21:57,-54.8,-68.3,scattered clouds,38.86,87,40,10.36
2,Sorong,ID,2022-10-06 04:26:19,-0.8833,131.25,broken clouds,83.26,73,55,4.41
3,Pompeu,BR,2022-10-06 04:26:20,-19.2244,-44.9353,few clouds,71.29,62,11,2.86
4,Hilo,US,2022-10-06 04:26:20,19.7297,-155.09,moderate rain,80.28,88,100,3.0
5,Dharchula,IN,2022-10-06 04:26:20,29.85,80.5333,overcast clouds,71.8,77,100,3.83
6,Port Alfred,ZA,2022-10-06 04:26:21,-33.5906,26.891,broken clouds,60.19,92,62,4.0
7,Matara,LK,2022-10-06 04:26:21,5.9485,80.5353,overcast clouds,81.27,77,100,15.08
8,Butaritari,KI,2022-10-06 04:26:22,3.0707,172.7902,clear sky,82.49,72,7,14.52
9,Zlitan,LY,2022-10-06 04:26:22,32.4674,14.5687,clear sky,71.78,62,0,9.13
10,Sitka,US,2022-10-06 04:26:22,57.0531,-135.33,light rain,55.29,100,100,3.44
11,Mataura,NZ,2022-10-06 04:26:23,-46.1927,168.8643,broken clouds,46.47,83,77,8.95
12,Ola,RU,2022-10-06 04:26:23,59.5833,151.2833,broken clouds,34.14,43,81,6.15
13,Saskylakh,RU,2022-10-06 04:26:23,71.9167,114.0833,broken clouds,14.32,93,78,9.19
14,Ayan,RU,2022-10-06 04:26:24,56.45,138.1667,overcast clouds,37.63,44,87,17.83
15,Albany,US,2022-10-06 04:26:24,42.6001,-73.9662,clear sky,50.54,94,6,4.09
16,Atuona,PF,2022-10-06 04:26:24,-9.8,-139.0333,light rain,77.13,77,13,20.42
17,Bluff,NZ,2022-10-06 04:26:25,-46.6,168.3333,overcast clouds,46.8,55,94,20.51
18,Tabas,IR,2022-10-06 04:26:25,33.5959,56.9244,clear sky,76.17,16,0,0.47
19,Katsuura,JP,2022-10-06 04:26:26,35.1333,140.3,overcast clouds,55.42,88,100,25.03
20,Tura,IN,2022-10-06 04:26:26,25.5198,90.2201,scattered clouds,78.4,89,47,4.7
21,Zavetnoye,RU,2022-10-06 04:26:26,47.1194,43.8903,clear sky,50.31,71,4,6.62
22,Hithadhoo,MV,2022-10-06 04:26:27,-0.6,73.0833,broken clouds,82.58,75,77,18.99
23,Araouane,ML,2022-10-06 04:26:27,18.9048,-3.5265,few clouds,91.51,21,17,6.15
24,Rikitea,PF,2022-10-06 04:26:28,-23.1203,-134.9692,broken clouds,69.58,63,64,20.76
25,Norman Wells,CA,2022-10-06 04:26:28,65.282,-126.8329,broken clouds,39.24,81,75,4.61
26,New Norfolk,AU,2022-10-06 04:26:28,-42.7826,147.0587,overcast clouds,55.92,63,100,5.01
27,Edd,ER,2022-10-06 04:25:54,13.9297,41.6925,broken clouds,87.04,68,51,2.26
28,Requena,ES,2022-10-06 04:26:29,39.4883,-1.1004,scattered clouds,59.52,90,48,3.89
29,Pangody,RU,2022-10-06 04:26:29,65.85,74.4859,scattered clouds,34.74,78,48,10.76
30,Amapa,BR,2022-10-06 04:26:30,1.0,-52.0,scattered clouds,70.57,94,49,2.35
31,Sungairaya,ID,2022-10-06 04:26:30,0.7,108.9,overcast clouds,83.48,70,99,3.04
32,Talnakh,RU,2022-10-06 04:21:51,69.4865,88.3972,overcast clouds,31.21,95,100,5.12
33,Lagoa,PT,2022-10-06 04:26:31,39.05,-27.9833,light rain,68.49,88,98,15.52
34,Tsiroanomandidy,MG,2022-10-06 04:26:31,-18.7667,46.0333,clear sky,70.9,36,0,3.91
35,Jamestown,US,2022-10-06 04:26:31,42.097,-79.2353,clear sky,53.24,67,0,1.01
36,Marquette,US,2022-10-06 04:26:32,46.5333,-87.6335,overcast clouds,58.44,93,89,7.56
37,Punta Arenas,CL,2022-10-06 04:22:29,-53.15,-70.9167,clear sky,39.31,81,0,9.22
38,Svetlyy,RU,2022-10-06 04:26:32,54.675,20.1347,clear sky,51.85,85,3,17.22
39,Castro,BR,2022-10-06 04:26:32,-24.7911,-50.0119,overcast clouds,58.55,97,100,8.16
40,Borogontsy,RU,2022-10-06 04:26:33,62.6683,131.1683,overcast clouds,28.27,65,100,3.83
41,Tuktoyaktuk,CA,2022-10-06 04:26:33,69.4541,-133.0374,scattered clouds,33.8,93,40,21.85
42,Qaanaaq,GL,2022-10-06 04:26:33,77.484,-69.3632,scattered clouds,4.42,71,33,7.09
43,Aranos,NA,2022-10-06 04:26:34,-24.1333,19.1167,clear sky,63.66,18,0,8.95
44,Neiafu,TO,2022-10-06 04:26:34,-18.65,-173.9833,broken clouds,81.28,78,75,10.36
45,Esperance,AU,2022-10-06 04:26:35,-33.8667,121.9,scattered clouds,60.64,61,47,25.59
46,Bojonegoro,ID,2022-10-06 04:26:35,-7.1502,111.8817,overcast clouds,89.65,54,96,10.29
47,Salalah,OM,2022-10-06 04:27:35,17.0151,54.0924,clear sky,78.89,78,0,2.3
48,Lompoc,US,2022-10-06 04:27:36,34.6391,-120.4579,fog,58.51,95,100,5.75
49,Klaksvik,FO,2022-10-06 04:27:36,62.2266,-6.589,overcast clouds,47.32,80,87,23.13
50,Yellowknife,CA,2022-10-06 04:26:00,62.456,-114.3525,few clouds,41.56,81,20,17.27
51,Marathon,US,2022-10-06 04:27:37,44.9,-89.7668,overcast clouds,60.33,85,100,5.75
52,Cidreira,BR,2022-10-06 04:27:37,-30.1811,-50.2056,overcast clouds,63.61,85,100,22.06
53,Rudraprayag,IN,2022-10-06 04:27:38,30.2833,78.9833,broken clouds,77.81,72,55,0.81
54,Korla,CN,2022-10-06 04:27:38,41.7597,86.1469,scattered clouds,61.0,25,41,6.53
55,Longyearbyen,SJ,2022-10-06 04:27:38,78.2186,15.6401,broken clouds,39.04,81,75,13.8
56,Tarana,IN,2022-10-06 04:27:39,23.3333,76.0333,overcast clouds,79.02,79,85,7.0
57,Colares,PT,2022-10-06 04:27:39,38.7992,-9.4469,few clouds,66.76,87,22,23.0
58,Kango,GA,2022-10-06 04:27:39,0.1943,10.0951,light rain,72.95,97,100,2.01
59,Thompson,CA,2022-10-06 04:27:40,55.7435,-97.8558,overcast clouds,28.56,80,100,8.05
60,Ugoofaaru,MV,2022-10-06 04:27:40,5.6667,73.0,overcast clouds,81.91,79,100,16.04
61,Keskin,TR,2022-10-06 04:27:40,39.6731,33.6136,broken clouds,48.06,79,71,7.61
62,Prabumulih,ID,2022-10-06 04:27:41,-3.45,104.25,overcast clouds,88.11,64,100,1.34
63,Cabedelo,BR,2022-10-06 04:27:41,-6.9811,-34.8339,few clouds,75.87,87,24,9.35
64,Lima,PE,2022-10-06 04:27:38,-12.0432,-77.0282,overcast clouds,57.9,84,100,9.22
65,Palmer,US,2022-10-06 04:23:12,42.1584,-72.3287,light rain,58.77,86,100,1.01
66,Mar Del Plata,AR,2022-10-06 04:27:26,-38.0023,-57.5575,mist,56.95,89,97,1.99
67,Cabo San Lucas,MX,2022-10-06 04:26:57,22.8909,-109.9124,broken clouds,82.51,64,59,1.99
68,Great Falls,US,2022-10-06 04:27:42,47.5002,-111.3008,clear sky,63.68,58,0,5.75
69,Tasiilaq,GL,2022-10-06 04:27:42,65.6145,-37.6368,broken clouds,30.36,48,82,6.46
70,Garmsar,IR,2022-10-06 04:27:43,35.2182,52.3409,clear sky,76.86,20,0,6.31
71,Half Moon Bay,US,2022-10-06 04:27:43,37.4636,-122.4286,mist,67.62,88,100,13.8
72,Fortuna,US,2022-10-06 04:27:44,40.5982,-124.1573,broken clouds,58.35,86,72,1.01
73,Vaini,TO,2022-10-06 04:27:44,-21.2,-175.2,broken clouds,80.76,89,75,3.44
74,Vanimo,PG,2022-10-06 04:27:44,-2.6741,141.3028,overcast clouds,85.57,70,92,10.0
75,Geraldton,AU,2022-10-06 04:27:45,-28.7667,114.6,overcast clouds,68.41,40,100,16.11
76,Avarua,CK,2022-10-06 04:27:45,-21.2078,-159.775,scattered clouds,77.05,73,40,14.97
77,Pangai,TO,2022-10-06 04:27:45,-19.8,-174.35,broken clouds,80.71,78,75,8.05
78,Port Lincoln,AU,2022-10-06 04:27:46,-34.7333,135.8667,scattered clouds,68.13,59,25,7.78
79,Cherskiy,RU,2022-10-06 04:27:46,68.75,161.3,light snow,30.51,96,100,15.41
80,Roebourne,AU,2022-10-06 04:27:46,-20.7833,117.1333,clear sky,88.03,24,0,6.64
81,Vila Velha,BR,2022-10-06 04:26:38,-20.3297,-40.2925,overcast clouds,73.35,88,100,6.91
82,Taoudenni,ML,2022-10-06 04:27:47,22.6783,-3.9836,broken clouds,90.36,14,51,8.88
83,Hermanus,ZA,2022-10-06 04:27:47,-34.4187,19.2345,scattered clouds,54.82,82,27,13.58
84,Port Hardy,CA,2022-10-06 04:27:48,50.6996,-127.4199,few clouds,59.18,88,20,3.44
85,Puerto Ayora,EC,2022-10-06 04:27:48,-0.7393,-90.3518,broken clouds,65.55,97,68,4.0
86,Kapaa,US,2022-10-06 04:27:49,22.0752,-159.319,few clouds,80.58,74,20,12.66
87,Codrington,AU,2022-10-06 04:23:06,-38.2667,141.9667,overcast clouds,65.19,80,96,13.94
88,Ponta Do Sol,PT,2022-10-06 04:27:49,32.6667,-17.1,scattered clouds,70.43,83,28,6.29
89,Hue,VN,2022-10-06 04:27:50,16.4667,107.6,light rain,80.71,89,75,4.61
90,Busselton,AU,2022-10-06 04:27:50,-33.65,115.3333,overcast clouds,56.55,72,92,14.12
91,Mehamn,NO,2022-10-06 04:27:50,71.0357,27.8492,overcast clouds,42.71,87,90,12.5
92,Port Elizabeth,ZA,2022-10-06 04:27:51,-33.918,25.5701,broken clouds,59.31,84,75,14.97
93,Bethel,US,2022-10-06 04:23:59,41.3712,-73.414,overcast clouds,60.89,88,100,4.61
94,Alyangula,AU,2022-10-06 04:27:51,-13.8483,136.4192,scattered clouds,86.59,61,43,8.88
95,Sechura,PE,2022-10-06 04:28:52,-5.5569,-80.8222,clear sky,61.61,83,3,11.61
96,Victoria,HK,2022-10-06 04:25:46,22.2855,114.1577,scattered clouds,91.96,71,41,8.99
97,Chokurdakh,RU,2022-10-06 04:28:52,70.6333,147.9167,overcast clouds,21.81,90,98,9.78
98,Avera,US,2022-10-06 04:28:52,33.194,-82.5271,broken clouds,54.37,40,52,2.89
99,Yining,CN,2022-10-06 04:28:53,29.0361,114.5636,overcast clouds,59.11,83,100,2.68
100,Tual,ID,2022-10-06 04:28:53,-5.6667,132.75,overcast clouds,83.17,76,99,10.83
101,Pisco,PE,2022-10-06 04:28:54,-13.7,-76.2167,smoke,59.05,82,100,2.3
102,Dikson,RU,2022-10-06 04:28:54,73.5069,80.5464,overcast clouds,32.27,96,100,15.12
103,Bayan,CN,2022-10-06 04:28:54,46.0833,127.4,clear sky,49.24,27,2,11.61
104,Saint-Philippe,RE,2022-10-06 04:28:55,-21.3585,55.7679,scattered clouds,74.79,71,40,12.35
105,Kaoma,ZM,2022-10-06 04:28:55,-14.7833,24.8,scattered clouds,63.19,32,25,7.85
106,Kodiak,US,2022-10-06 04:28:56,57.79,-152.4072,overcast clouds,53.11,82,100,8.05
107,Ubauro,PK,2022-10-06 04:28:56,28.1652,69.7289,clear sky,89.22,27,0,4.9
108,Vizinga,RU,2022-10-06 04:26:59,61.0749,50.1031,overcast clouds,43.47,96,100,4.25
109,Henties Bay,NA,2022-10-06 04:28:57,-22.116,14.2845,broken clouds,55.11,87,74,8.01
110,Vihari,PK,2022-10-06 04:28:57,30.0333,72.35,clear sky,92.28,17,0,7.72
111,Biltine,TD,2022-10-06 04:28:57,14.5333,20.9167,overcast clouds,85.77,22,99,2.1
112,Pevek,RU,2022-10-06 04:28:58,69.7008,170.3133,light snow,32.45,97,100,8.97
113,Saldanha,ZA,2022-10-06 04:28:58,-33.0117,17.9442,overcast clouds,46.45,79,100,3.49
114,Lac Du Bonnet,CA,2022-10-06 04:28:59,50.2536,-96.0612,overcast clouds,39.0,60,99,14.52
115,Bredasdorp,ZA,2022-10-06 04:28:59,-34.5322,20.0403,clear sky,47.89,90,9,7.58
116,Cape Town,ZA,2022-10-06 04:26:02,-33.9258,18.4232,scattered clouds,61.38,78,40,6.91
117,Chuy,UY,2022-10-06 04:28:59,-33.6971,-53.4616,overcast clouds,58.68,83,100,10.27
118,Arman,RU,2022-10-06 04:24:49,59.7,150.1667,overcast clouds,34.02,45,100,3.18
119,Floro,NO,2022-10-06 04:29:00,61.5996,5.0328,broken clouds,51.76,82,75,24.16
120,Saint George,US,2022-10-06 04:25:04,37.1041,-113.5841,clear sky,79.39,23,0,9.22
121,Tamandare,BR,2022-10-06 04:29:00,-8.7597,-35.1047,clear sky,74.98,90,7,7.25
122,Gaoual,GN,2022-10-06 04:29:01,11.75,-13.2,few clouds,73.65,96,12,2.26
123,Bellevue,US,2022-10-06 04:28:05,47.6104,-122.2007,mist,58.6,90,0,4.61
124,Pocone,BR,2022-10-06 04:29:01,-16.2567,-56.6228,broken clouds,81.5,58,60,5.32
125,Ancud,CL,2022-10-06 04:29:02,-41.8697,-73.8203,broken clouds,45.39,83,59,6.85
126,Neuquen,AR,2022-10-06 04:29:02,-38.9516,-68.0591,clear sky,57.09,44,0,6.91
127,Cayenne,GF,2022-10-06 04:25:29,4.9333,-52.3333,few clouds,75.24,94,20,0.0
128,Gushikawa,JP,2022-10-06 04:29:03,26.3544,127.8686,scattered clouds,85.62,70,40,8.05
129,Pocatello,US,2022-10-06 04:29:03,42.8713,-112.4455,clear sky,64.67,42,0,8.99
130,Berlevag,NO,2022-10-06 04:29:03,70.8578,29.0864,overcast clouds,42.75,81,100,14.97
131,Challans,FR,2022-10-06 04:29:04,46.8436,-1.8749,broken clouds,50.92,87,51,6.71
132,Portland,US,2022-10-06 04:25:00,45.5234,-122.6762,few clouds,63.28,86,20,1.99
133,Challapata,BO,2022-10-06 04:29:05,-18.9,-66.7667,clear sky,37.09,18,0,2.57
134,Goderich,CA,2022-10-06 04:29:05,43.7501,-81.7165,overcast clouds,59.92,77,100,3.44
135,Walvis Bay,NA,2022-10-06 04:29:06,-22.9575,14.5053,clear sky,54.55,87,0,10.36
136,Alice Springs,AU,2022-10-06 04:29:06,-23.7,133.8833,clear sky,92.75,40,0,17.27
137,Andenes,NO,2022-10-06 04:29:07,69.3143,16.1194,light intensity drizzle,44.92,85,75,14.97
138,Iracoubo,GF,2022-10-06 04:30:07,5.4802,-53.2011,clear sky,78.62,85,4,10.36
139,Hornepayne,CA,2022-10-06 04:30:08,49.2138,-84.7705,overcast clouds,50.94,98,100,7.2
140,Marshfield,US,2022-10-06 04:30:08,44.6689,-90.1718,overcast clouds,57.15,88,100,9.22
141,Williams Lake,CA,2022-10-06 04:28:03,52.1415,-122.1445,few clouds,59.05,68,20,6.91
142,Batagay-Alyta,RU,2022-10-06 04:30:09,67.8006,130.4114,overcast clouds,21.25,75,93,10.76
143,Hasaki,JP,2022-10-06 04:30:10,35.7333,140.8333,light rain,55.8,84,100,26.53
144,Rio Grande,BR,2022-10-06 04:30:10,-32.035,-52.0986,overcast clouds,61.45,82,100,18.9
145,Umm Kaddadah,SD,2022-10-06 04:30:10,13.6017,26.6876,overcast clouds,83.86,49,98,5.57
146,Lebu,CL,2022-10-06 04:30:11,-37.6167,-73.65,light rain,50.49,95,100,13.8
147,Cairns,AU,2022-10-06 04:30:11,-16.9167,145.7667,broken clouds,91.06,58,57,16.11
148,Khatanga,RU,2022-10-06 04:30:12,71.9667,102.5,overcast clouds,15.28,96,100,6.13
149,Seydisehir,TR,2022-10-06 04:30:12,37.4193,31.8453,broken clouds,54.73,74,82,3.98
150,Sao Filipe,CV,2022-10-06 04:30:13,14.8961,-24.4956,scattered clouds,78.06,86,48,13.18
151,Aguie,NE,2022-10-06 04:30:13,13.506,7.7786,broken clouds,81.84,49,61,4.61
152,Huarmey,PE,2022-10-06 04:30:14,-10.0681,-78.1522,broken clouds,60.67,85,54,9.08
153,Zhigansk,RU,2022-10-06 04:30:15,66.7697,123.3711,overcast clouds,26.13,72,89,27.6
154,Beloha,MG,2022-10-06 04:30:15,-25.1667,45.05,clear sky,79.88,56,3,1.59
155,Georgetown,MY,2022-10-06 04:30:15,5.4112,100.3354,few clouds,85.98,74,20,4.61
156,Kirakira,SB,2022-10-06 04:30:16,-10.4544,161.9205,broken clouds,81.93,76,76,6.38
157,Sakakah,SA,2022-10-06 04:30:16,29.9697,40.2064,clear sky,78.37,17,0,7.63
158,Faanui,PF,2022-10-06 04:30:17,-16.4833,-151.75,clear sky,78.08,75,7,25.23
159,Barrow,US,2022-10-06 04:30:17,71.2906,-156.7887,scattered clouds,33.82,86,40,12.66
160,Tiksi,RU,2022-10-06 04:30:18,71.6872,128.8694,light snow,24.58,87,100,15.66
161,Asau,RO,2022-10-06 04:30:18,46.4333,26.4,overcast clouds,43.72,74,100,6.02
162,Moose Factory,CA,2022-10-06 04:30:19,51.2585,-80.6094,overcast clouds,44.6,93,100,6.91
163,Gombong,ID,2022-10-06 04:30:19,-7.6072,109.5142,overcast clouds,82.65,72,92,10.27
164,Aleksandrov Gay,RU,2022-10-06 04:30:20,50.147,48.5704,overcast clouds,55.53,61,92,9.71
165,Torbay,CA,2022-10-06 04:30:20,47.6666,-52.7314,scattered clouds,48.27,92,40,12.66
166,Mitu,CO,2022-10-06 04:27:29,1.1983,-70.1733,broken clouds,72.86,96,63,1.41
167,West Odessa,US,2022-10-06 04:30:21,31.8424,-102.4988,broken clouds,67.41,70,75,13.8
168,Mariental,NA,2022-10-06 04:30:21,-24.6333,17.9667,clear sky,65.52,19,1,7.14
169,Santa Cruz,BO,2022-10-06 04:30:22,-17.8,-63.1667,broken clouds,78.26,78,75,13.8
170,San Cristobal,VE,2022-10-06 04:30:22,7.7669,-72.225,overcast clouds,69.98,96,100,3.27
171,Stornoway,GB,2022-10-06 04:30:22,58.2093,-6.3865,broken clouds,50.04,80,75,24.16
172,Champerico,GT,2022-10-06 04:30:23,14.3,-91.9167,overcast clouds,79.16,80,99,3.65
173,Hobart,AU,2022-10-06 04:27:57,-42.8794,147.3294,broken clouds,56.26,76,75,20.71
174,Rawson,AR,2022-10-06 04:26:32,-43.3002,-65.1023,overcast clouds,62.65,34,100,19.75
175,Los Llanos De Aridane,ES,2022-10-06 04:30:23,28.6585,-17.9182,overcast clouds,70.12,86,100,16.11
176,Bambous Virieux,MU,2022-10-06 04:30:24,-20.3428,57.7575,light rain,75.45,69,40,12.66
177,Kizema,RU,2022-10-06 04:30:24,61.113,44.8302,overcast clouds,46.09,97,100,0.83
178,Santa Vitoria Do Palmar,BR,2022-10-06 04:30:25,-33.5189,-53.3681,overcast clouds,58.84,83,100,11.68
179,Luanda,AO,2022-10-06 04:26:00,-8.8368,13.2343,scattered clouds,71.6,94,40,2.3
180,Matamoros,MX,2022-10-06 04:30:25,25.5333,-103.25,broken clouds,68.11,65,68,13.8
181,Shimoda,JP,2022-10-06 04:30:26,34.6667,138.95,overcast clouds,57.56,92,100,17.67
182,Hamilton,US,2022-10-06 04:29:09,39.1834,-84.5333,clear sky,58.77,72,0,0.0
183,Maragogi,BR,2022-10-06 04:30:26,-9.0122,-35.2225,few clouds,74.75,90,11,6.76
184,Oranjemund,NA,2022-10-06 04:31:27,-28.55,16.4333,clear sky,53.04,92,9,7.99
185,Chakia,IN,2022-10-06 04:31:27,26.4167,85.05,overcast clouds,80.46,79,87,14.47
186,Fokino,RU,2022-10-06 04:31:27,42.9836,132.4047,scattered clouds,49.35,29,38,6.49
187,Broken Hill,AU,2022-10-06 04:31:28,-31.95,141.4333,clear sky,80.83,19,0,16.42
188,Antofagasta,CL,2022-10-06 04:31:28,-23.65,-70.4,clear sky,56.48,59,0,10.58
189,Chioggia,IT,2022-10-06 04:31:29,45.2256,12.2889,broken clouds,63.09,78,68,3.18
190,Vilyuysk,RU,2022-10-06 04:31:29,63.7553,121.6247,overcast clouds,30.0,69,100,11.39
191,Hammerfest,NO,2022-10-06 04:31:29,70.6634,23.6821,broken clouds,43.25,75,75,10.36
192,Northam,GB,2022-10-06 04:31:30,51.0333,-4.2167,clear sky,56.61,78,1,14.05
193,Inta,RU,2022-10-06 04:31:30,66.0317,60.1659,light rain,40.89,98,100,6.93
194,Narsaq,GL,2022-10-06 04:31:31,60.9167,-46.05,scattered clouds,35.82,92,44,5.59
195,Guarapari,BR,2022-10-06 04:31:31,-20.6667,-40.4975,overcast clouds,71.08,94,98,4.0
196,Lazaro Cardenas,MX,2022-10-06 04:31:31,17.9583,-102.2,overcast clouds,77.58,88,94,3.56
197,Cockburn Town,TC,2022-10-06 04:31:32,21.4612,-71.1419,overcast clouds,82.9,75,86,12.48
198,Karatuzskoye,RU,2022-10-06 04:31:32,53.6072,92.8667,light rain,36.25,96,100,1.92
199,Ambilobe,MG,2022-10-06 04:31:32,-13.2,49.05,clear sky,82.08,43,5,6.58
200,Backo Petrovo Selo,RS,2022-10-06 04:31:33,45.7081,20.0753,overcast clouds,51.94,73,100,5.53
201,Tongchuan,CN,2022-10-06 04:31:33,35.0806,109.0897,overcast clouds,50.68,85,100,4.23
202,Upernavik,GL,2022-10-06 04:31:34,72.7868,-56.1549,overcast clouds,18.54,88,95,6.04
203,Kaitangata,NZ,2022-10-06 04:31:34,-46.2817,169.8464,broken clouds,42.98,78,76,15.39
204,Bichura,RU,2022-10-06 04:31:35,50.5881,107.6022,broken clouds,44.47,36,60,4.41
205,Mandalgovi,MN,2022-10-06 04:31:35,45.7625,106.2708,few clouds,46.26,12,18,14.58
206,Angoche,MZ,2022-10-06 04:31:35,-16.2325,39.9086,clear sky,77.16,69,0,5.88
207,Burnie,AU,2022-10-06 04:31:36,-41.0667,145.9167,overcast clouds,52.95,91,100,15.3
208,Kuito,AO,2022-10-06 04:31:36,-12.3833,16.9333,scattered clouds,60.39,66,39,3.87
209,Singaraja,ID,2022-10-06 04:31:37,-8.112,115.0882,moderate rain,83.23,77,100,5.26
210,Huangzhai,CN,2022-10-06 04:31:37,38.0751,112.6595,overcast clouds,46.81,48,100,4.34
211,Necochea,AR,2022-10-06 04:31:37,-38.5473,-58.7368,overcast clouds,52.92,87,100,1.52
212,Sangar,RU,2022-10-06 04:31:38,63.9242,127.4739,overcast clouds,28.53,57,100,6.67
213,Pinega,RU,2022-10-06 04:31:38,64.7001,43.3936,overcast clouds,45.12,96,100,5.08
214,Flinders,AU,2022-10-06 04:31:38,-34.5833,150.8552,light rain,62.38,91,100,5.99
215,Envira,BR,2022-10-06 04:31:39,-7.3,-70.2167,broken clouds,72.88,88,82,1.77
216,Izhma,RU,2022-10-06 04:31:39,65.0083,53.9113,overcast clouds,42.31,95,100,4.23
217,Arraial Do Cabo,BR,2022-10-06 04:31:39,-22.9661,-42.0278,overcast clouds,68.92,85,100,10.47
218,Saint-Dizier,FR,2022-10-06 04:31:40,48.4167,5.0833,overcast clouds,55.0,91,89,4.72
219,Mareeba,AU,2022-10-06 04:31:40,-17.0,145.4333,broken clouds,86.43,64,82,8.93
220,Menongue,AO,2022-10-06 04:31:41,-14.6585,17.691,broken clouds,62.26,38,58,3.33
221,Opuwo,NA,2022-10-06 04:31:41,-18.0607,13.84,clear sky,64.89,37,0,2.1
222,Clyde River,CA,2022-10-06 04:31:42,70.4692,-68.5914,light snow,25.03,74,100,19.57
223,Hokitika,NZ,2022-10-06 04:31:42,-42.7167,170.9667,few clouds,47.71,42,12,9.6
224,Bar Harbor,US,2022-10-06 04:31:42,44.3876,-68.2039,light rain,58.46,90,100,4.61
225,Kosa,RU,2022-10-06 04:31:43,59.9445,54.9977,overcast clouds,43.86,81,92,7.34
226,Mahebourg,MU,2022-10-06 04:31:43,-20.4081,57.7,scattered clouds,75.49,69,40,12.66
227,Taltal,CL,2022-10-06 04:31:43,-25.4,-70.4833,clear sky,59.45,57,0,6.67
228,Aklavik,CA,2022-10-06 04:31:44,68.2191,-135.0107,broken clouds,33.78,88,64,8.46
229,Jumla,NP,2022-10-06 04:31:44,29.2747,82.1838,overcast clouds,55.78,95,100,2.8
230,Punta Alta,AR,2022-10-06 04:31:45,-38.8759,-62.0736,overcast clouds,52.5,82,88,11.1
231,Wanning,CN,2022-10-06 04:32:45,18.8003,110.3967,few clouds,82.89,82,22,8.46
232,Bathsheba,BB,2022-10-06 04:32:45,13.2167,-59.5167,scattered clouds,83.01,78,40,16.11
233,Pochutla,MX,2022-10-06 04:32:46,15.7432,-96.4661,few clouds,76.82,85,24,4.16
234,Santa Elena,EC,2022-10-06 04:32:46,-2.2333,-80.85,broken clouds,67.75,81,81,8.19
235,Kavaratti,IN,2022-10-06 04:32:47,10.5669,72.642,overcast clouds,81.97,75,100,15.99
236,Troitsko-Pechorsk,RU,2022-10-06 04:32:48,62.7084,56.1964,light rain,41.14,90,100,6.67
237,Markivka,UA,2022-10-06 04:32:48,49.5229,39.5705,scattered clouds,46.76,80,44,8.16
238,Nyirlugos,HU,2022-10-06 04:32:49,47.6932,22.0448,overcast clouds,43.99,77,98,3.94
239,Ribeira Grande,PT,2022-10-06 04:32:49,38.5167,-28.7,overcast clouds,71.58,83,97,7.31
240,Uvalde,US,2022-10-06 04:32:50,29.3669,-99.767,clear sky,68.99,52,0,0.0
241,Mogadishu,SO,2022-10-06 04:32:19,2.0371,45.3438,broken clouds,78.67,78,75,11.5
242,Beyneu,KZ,2022-10-06 04:32:50,45.3167,55.2,broken clouds,61.45,16,80,16.82
243,Pombas,CV,2022-10-06 04:32:50,17.1503,-25.0201,overcast clouds,76.78,86,94,11.41
244,Kuremaa,EE,2022-10-06 04:32:51,58.7353,26.5383,overcast clouds,53.28,95,100,11.48
245,Mayskiy,RU,2022-10-06 04:32:51,47.6931,40.1025,overcast clouds,42.21,66,91,6.62
246,Zhaodong,CN,2022-10-06 04:32:52,46.0833,125.9833,clear sky,50.74,18,0,9.53
247,Dodge City,US,2022-10-06 04:32:52,37.7528,-100.0171,clear sky,63.21,62,0,0.0
248,Touho,NC,2022-10-06 04:32:52,-20.7833,165.2333,overcast clouds,74.44,58,93,12.91
249,Ilulissat,GL,2022-10-06 04:32:53,69.2167,-51.1,overcast clouds,26.62,68,100,0.0
250,Aksehir,TR,2022-10-06 04:32:53,38.3575,31.4164,broken clouds,52.43,78,63,5.95
251,Iqaluit,CA,2022-10-06 04:30:13,63.7506,-68.5145,light snow,31.73,100,100,12.66
252,Port Hedland,AU,2022-10-06 04:32:54,-20.3167,118.5667,clear sky,86.05,48,7,13.8
253,Grindavik,IS,2022-10-06 04:32:54,63.8424,-22.4338,broken clouds,41.47,87,75,2.3
254,Palu,ID,2022-10-06 04:32:54,-0.8917,119.8707,overcast clouds,86.34,72,100,3.56
255,Dosso,NE,2022-10-06 04:28:00,13.049,3.1937,scattered clouds,80.15,73,29,8.05
256,Te Anau,NZ,2022-10-06 04:29:44,-45.4167,167.7167,overcast clouds,42.35,83,94,4.14
257,Alta Floresta,BR,2022-10-06 04:32:55,-9.8756,-56.0861,scattered clouds,71.98,77,35,1.79
258,Monticello,US,2022-10-06 04:32:55,45.3055,-93.7941,broken clouds,60.58,91,75,0.0
259,Sitagroi,GR,2022-10-06 04:32:55,41.1167,24.0333,broken clouds,52.79,59,51,3.53
260,La Ronge,CA,2022-10-06 04:30:22,55.1001,-105.2842,few clouds,34.05,69,20,4.61
261,Mallaig,CA,2022-10-06 04:32:56,54.2169,-111.3685,overcast clouds,38.98,51,99,7.16
262,Brigantine,US,2022-10-06 04:32:40,39.4101,-74.3646,overcast clouds,60.06,95,100,3.44
263,Beysehir,TR,2022-10-06 04:32:56,37.6773,31.7246,broken clouds,53.85,75,75,7.2
264,Nuevo Ideal,MX,2022-10-06 04:32:57,24.8875,-105.0728,broken clouds,55.06,83,83,2.62
265,Mersing,MY,2022-10-06 04:32:57,2.4312,103.8405,scattered clouds,84.11,84,40,4.61
266,Kholtoson,RU,2022-10-06 04:32:58,50.2981,103.3097,broken clouds,43.45,31,84,4.38
267,Bafra,TR,2022-10-06 04:32:58,41.5678,35.9069,overcast clouds,61.83,75,99,2.95
268,Noumea,NC,2022-10-06 04:32:58,-22.2763,166.4572,overcast clouds,78.01,99,98,19.26
269,Guerrero Negro,MX,2022-10-06 04:29:48,27.9769,-114.0611,clear sky,69.93,81,0,13.35
270,Adrar,MR,2022-10-06 04:32:59,20.5022,-10.0711,clear sky,83.57,15,3,11.18
271,Saquarema,BR,2022-10-06 04:32:59,-22.92,-42.5103,overcast clouds,67.89,90,100,9.95
272,Qasigiannguit,GL,2022-10-06 04:32:59,68.8193,-51.1922,overcast clouds,26.85,81,90,5.57
273,Rabo De Peixe,PT,2022-10-06 04:33:00,37.8,-25.5833,few clouds,68.27,94,20,4.61
274,Morondava,MG,2022-10-06 04:33:00,-20.2833,44.2833,scattered clouds,78.15,73,34,7.11
275,Vardo,NO,2022-10-06 04:33:01,70.3705,31.1107,overcast clouds,46.38,81,100,20.71
276,Sisimiut,GL,2022-10-06 04:33:01,66.9395,-53.6735,light snow,30.47,89,99,6.13
277,Provideniya,RU,2022-10-06 04:34:01,64.3833,-173.3,light rain,42.15,85,100,30.09
278,Leningradskiy,RU,2022-10-06 04:34:02,69.3833,178.4167,overcast clouds,27.07,90,97,5.79
279,Yuncheng,CN,2022-10-06 04:34:02,35.0231,110.9928,overcast clouds,52.47,69,100,4.32
280,Hualmay,PE,2022-10-06 04:34:03,-11.0964,-77.6139,few clouds,60.06,83,20,9.73
281,Abu Samrah,SY,2022-10-06 04:34:03,35.3029,37.1841,clear sky,69.19,52,0,3.69
282,Aykhal,RU,2022-10-06 04:34:04,66.0,111.5,overcast clouds,20.14,90,89,10.2
283,El Tigre,VE,2022-10-06 04:34:04,8.8875,-64.2454,overcast clouds,73.0,95,100,6.89
284,Paris,FR,2022-10-06 04:33:48,48.8534,2.3488,clear sky,54.1,88,0,8.05
285,Kununurra,AU,2022-10-06 04:34:05,-15.7667,128.7333,scattered clouds,96.78,38,40,8.05
286,Santo Domingo,DO,2022-10-06 04:33:37,18.5001,-69.9886,overcast clouds,79.03,96,93,5.23
287,Beringovskiy,RU,2022-10-06 04:34:05,63.05,179.3167,scattered clouds,39.67,59,38,28.16
288,Qiongshan,CN,2022-10-06 04:34:06,20.0058,110.3542,broken clouds,87.78,70,75,17.9
289,Road Town,VG,2022-10-06 04:34:06,18.4167,-64.6167,few clouds,82.49,76,13,18.9
290,Monrovia,LR,2022-10-06 04:34:06,6.3005,-10.7969,overcast clouds,76.33,86,100,2.8
291,Nova Olimpia,BR,2022-10-06 04:34:07,-14.7972,-57.2881,few clouds,77.61,69,12,3.91
292,Rota,ES,2022-10-06 04:34:07,36.6224,-6.3586,clear sky,66.33,77,0,1.14
293,Porto Novo,BJ,2022-10-06 04:32:40,6.4965,2.6036,light rain,78.62,92,57,5.01
294,Saint-Pierre,RE,2022-10-06 04:34:08,-21.3393,55.4781,clear sky,78.57,53,0,4.61
295,Bubaque,GW,2022-10-06 04:34:08,11.2833,-15.8333,light rain,81.18,82,52,6.89
296,Inhambane,MZ,2022-10-06 04:34:08,-23.865,35.3833,clear sky,75.74,77,0,7.07
297,Namatanai,PG,2022-10-06 04:34:09,-3.6667,152.4333,light rain,85.14,68,91,10.98
298,Worthington,US,2022-10-06 04:34:09,40.0931,-83.018,clear sky,53.73,80,0,0.0
299,Sobolevo,RU,2022-10-06 04:34:10,54.4299,31.8996,broken clouds,45.41,97,79,6.26
300,Carnarvon,AU,2022-10-06 04:34:10,-24.8667,113.6333,clear sky,69.78,39,0,23.13
301,Viedma,AR,2022-10-06 04:30:28,-40.8135,-62.9967,clear sky,55.99,69,2,20.56
302,El Vigia,VE,2022-10-06 04:34:10,8.6219,-71.6506,overcast clouds,74.73,91,100,4.09
303,Roald,NO,2022-10-06 04:34:11,62.5833,6.1333,light intensity shower rain,53.76,87,75,25.32
304,Kahului,US,2022-10-06 04:33:35,20.8947,-156.47,scattered clouds,82.42,77,40,13.8
305,Richmond,US,2022-10-06 04:30:20,37.5538,-77.4603,few clouds,57.15,94,20,9.22
306,Dingle,PH,2022-10-06 04:34:11,10.9995,122.6711,broken clouds,86.83,69,66,10.8
307,Talcher,IN,2022-10-06 04:34:12,20.95,85.2167,broken clouds,85.6,72,57,10.85
308,Luderitz,NA,2022-10-06 04:32:58,-26.6481,15.1594,few clouds,53.42,74,12,16.75
309,Boyabat,TR,2022-10-06 04:34:12,41.4689,34.7667,overcast clouds,56.7,82,94,0.89
310,Pundaguitan,PH,2022-10-06 04:34:13,6.3711,126.1689,scattered clouds,83.71,72,47,7.72
311,Maceio,BR,2022-10-06 04:33:31,-9.6658,-35.7353,broken clouds,74.64,94,75,3.44
312,Kingaroy,AU,2022-10-06 04:34:14,-26.5333,151.8333,overcast clouds,69.35,57,92,7.29
313,Port Blair,IN,2022-10-06 04:32:54,11.6667,92.75,overcast clouds,81.64,77,100,10.49
314,Rodrigues Alves,BR,2022-10-06 04:34:15,-7.738,-72.6509,broken clouds,75.4,80,78,1.88
315,Tautira,PF,2022-10-06 04:34:15,-17.7333,-149.15,broken clouds,76.6,71,82,23.35
316,Zyryanka,RU,2022-10-06 04:34:15,65.75,150.85,light snow,21.81,88,100,27.74
317,Yinchuan,CN,2022-10-06 04:34:16,38.4681,106.2731,clear sky,61.63,25,4,1.61
318,Zhangye,CN,2022-10-06 04:34:16,38.9342,100.4517,clear sky,57.4,23,5,6.64
319,Santa Maria,BR,2022-10-06 04:34:17,-29.6842,-53.8069,light rain,59.94,98,100,7.34
320,Bethal,ZA,2022-10-06 04:34:17,-26.4579,29.4655,clear sky,58.55,44,0,7.2
321,Kamenka,RU,2022-10-06 04:34:17,51.3223,42.7678,overcast clouds,46.4,85,92,9.42
322,Jalu,LY,2022-10-06 04:34:18,29.0331,21.5482,few clouds,68.58,56,23,9.37
323,Camacari,BR,2022-10-06 04:34:19,-12.6975,-38.3242,few clouds,78.57,95,20,3.91
324,Atbasar,KZ,2022-10-06 04:34:19,51.8,68.3333,overcast clouds,55.29,32,100,8.32
325,Bela,IN,2022-10-06 04:34:20,25.9333,81.9833,overcast clouds,79.79,81,99,14.41
326,Nikolskoye,RU,2022-10-06 04:34:20,59.7035,30.7861,overcast clouds,51.69,96,100,9.4
327,Vostok,RU,2022-10-06 04:35:21,46.4856,135.8833,broken clouds,39.47,36,80,13.31
328,Valentin Gomez Farias,MX,2022-10-06 04:35:21,28.2167,-106.5833,overcast clouds,58.15,82,100,5.17
329,Englewood,US,2022-10-06 04:35:21,39.6478,-104.9878,scattered clouds,58.57,59,40,6.91
330,Pontianak,ID,2022-10-06 04:35:22,-0.0333,109.3333,broken clouds,82.38,78,75,2.3
331,Nome,US,2022-10-06 04:35:22,64.5011,-165.4064,broken clouds,42.87,76,75,21.85
332,Hervey Bay,AU,2022-10-06 04:35:22,-25.2986,152.8535,broken clouds,74.01,70,70,7.0
333,Nemuro,JP,2022-10-06 04:35:23,43.3236,145.575,overcast clouds,52.88,51,100,13.98
334,Mwanza,TZ,2022-10-06 04:35:23,-2.5167,32.9,scattered clouds,68.05,94,40,0.0
335,Gorontalo,ID,2022-10-06 04:35:23,0.5412,123.0595,scattered clouds,86.72,70,50,5.1
336,Komsomolskiy,UZ,2022-10-06 04:35:23,40.4272,71.7189,clear sky,63.32,25,0,4.61
337,Conceicao Do Araguaia,BR,2022-10-06 04:35:24,-8.2578,-49.2647,broken clouds,79.79,37,58,2.59
338,Mweka,CD,2022-10-06 04:35:24,-4.85,21.5667,overcast clouds,70.21,88,100,3.76
339,Bengkulu,ID,2022-10-06 04:35:24,-3.8004,102.2655,scattered clouds,83.12,69,29,6.82
340,Sakaiminato,JP,2022-10-06 04:35:25,35.55,133.2333,broken clouds,71.53,52,75,17.27
341,Dunedin,NZ,2022-10-06 04:32:02,-45.8742,170.5036,overcast clouds,42.75,80,87,23.09
342,Lusambo,CD,2022-10-06 04:35:25,-4.9667,23.45,overcast clouds,71.04,95,100,0.94
343,Saint Anthony,US,2022-10-06 04:35:25,45.0205,-93.218,clear sky,60.71,88,0,3.44
344,Praia Da Vitoria,PT,2022-10-06 04:35:26,38.7333,-27.0667,broken clouds,70.05,94,75,16.75
345,Jardim,BR,2022-10-06 04:34:26,-21.4803,-56.1381,broken clouds,73.02,81,75,4.85
346,Estrela,BR,2022-10-06 04:35:26,-28.0611,-50.9383,light rain,59.41,93,100,9.01
347,Marchena,ES,2022-10-06 04:35:26,37.329,-5.4168,clear sky,68.56,75,0,4.47
348,Erzin,TR,2022-10-06 04:35:27,36.9559,36.2,clear sky,72.48,76,5,1.07
349,Wana,PK,2022-10-06 04:35:27,32.2989,69.5725,clear sky,74.79,25,0,4.14
350,Auki,SB,2022-10-06 04:35:27,-8.7676,160.7034,overcast clouds,83.91,63,93,3.02
351,La Ciotat,FR,2022-10-06 04:35:28,43.1748,5.6045,clear sky,69.82,81,2,2.17
352,Omboue,GA,2022-10-06 04:35:28,-1.5746,9.2618,overcast clouds,75.0,90,92,5.68
353,Asheboro,US,2022-10-06 04:35:28,35.7079,-79.8136,clear sky,55.18,93,0,0.0
354,Karlskrona,SE,2022-10-06 04:35:29,56.1616,15.5866,broken clouds,57.65,81,80,21.83
355,Praia,CV,2022-10-06 04:35:29,14.9215,-23.5087,clear sky,77.54,78,0,3.44
356,Ahipara,NZ,2022-10-06 04:35:29,-35.1667,173.1667,broken clouds,54.27,55,60,18.66
357,Zhoucun,CN,2022-10-06 04:35:30,36.8167,117.8167,overcast clouds,61.9,48,94,2.53
358,Bambous,MU,2022-10-06 04:35:30,-20.2567,57.4061,few clouds,74.35,69,21,13.04
359,Pirapo,PY,2022-10-06 04:35:30,-26.85,-55.5333,overcast clouds,66.69,98,91,5.41
360,San Patricio,US,2022-10-06 04:35:31,28.017,-97.5169,clear sky,78.69,66,6,6.33
361,Umm Lajj,SA,2022-10-06 04:35:31,25.0213,37.2685,clear sky,87.6,40,0,7.9
362,Dieppe,FR,2022-10-06 04:35:31,49.75,1.1667,few clouds,52.2,93,20,6.38
363,Honiara,SB,2022-10-06 04:35:32,-9.4333,159.95,overcast clouds,85.06,62,90,5.53
364,Sal Rei,CV,2022-10-06 04:35:32,16.1833,-22.9167,scattered clouds,79.39,85,41,18.7
365,Tsumeb,NA,2022-10-06 04:35:32,-19.2333,17.7167,few clouds,75.11,15,18,3.96
366,Piura,PE,2022-10-06 04:33:10,-5.2,-80.6333,clear sky,62.46,80,3,8.23
367,Salvador,SV,2022-10-06 04:35:33,13.8333,-88.9167,overcast clouds,73.06,96,88,2.86
368,Lata,PT,2022-10-06 04:32:18,40.1629,-8.3327,scattered clouds,55.08,68,47,3.42
369,Shelburne,CA,2022-10-06 04:31:17,44.0787,-80.2041,overcast clouds,57.65,65,97,7.36
370,Duma,CN,2022-10-06 04:35:33,34.7653,108.135,overcast clouds,48.96,84,100,2.84
371,Husavik,IS,2022-10-06 04:35:33,66.0449,-17.3389,overcast clouds,36.03,91,100,19.1
372,Durban,ZA,2022-10-06 04:35:34,-29.8579,31.0292,light rain,68.92,94,84,1.99
373,Irbil,IQ,2022-10-06 04:35:34,36.1926,44.0106,clear sky,66.02,26,0,5.75
374,Xinyu,CN,2022-10-06 04:35:34,27.8043,114.9334,overcast clouds,64.42,72,100,4.85
375,Mount Isa,AU,2022-10-06 04:31:03,-20.7333,139.5,scattered clouds,91.17,29,40,6.91
376,Cap Malheureux,MU,2022-10-06 04:35:35,-19.9842,57.6142,clear sky,75.47,67,7,11.99
377,Baracoa,CU,2022-10-06 04:36:35,20.3467,-74.4958,overcast clouds,80.42,84,90,7.05
378,Kuala Terengganu,MY,2022-10-06 04:36:35,5.3302,103.1408,scattered clouds,87.75,74,40,5.01
379,Acapulco,MX,2022-10-06 04:32:11,16.8634,-99.8901,scattered clouds,80.42,78,40,3.44
380,Aden,YE,2022-10-06 04:36:36,12.7794,45.0367,broken clouds,85.8,72,65,4.94
381,Camacupa,AO,2022-10-06 04:36:36,-12.0167,17.4833,broken clouds,63.73,66,62,2.57
382,Nanakuli,US,2022-10-06 04:36:37,21.3906,-158.1547,clear sky,80.55,69,0,4.61
383,Barth,DE,2022-10-06 04:36:37,54.3635,12.7249,broken clouds,58.05,81,68,27.09
384,Nanortalik,GL,2022-10-06 04:36:37,60.1432,-45.2371,scattered clouds,37.9,91,43,10.85
385,Coquimbo,CL,2022-10-06 04:36:38,-29.9533,-71.3436,clear sky,53.33,87,0,4.61
386,Grants,US,2022-10-06 04:36:38,35.1473,-107.8514,light rain,50.23,93,100,5.75
387,Thibodaux,US,2022-10-06 04:36:38,29.7958,-90.8229,scattered clouds,68.99,90,28,4.61
388,Cotacachi,EC,2022-10-06 04:36:38,0.3,-78.2667,light rain,53.15,94,98,1.61
389,Ayame,CI,2022-10-06 04:36:39,5.6083,-3.1563,broken clouds,71.62,98,84,2.53
390,Nacogdoches,US,2022-10-06 04:36:40,31.6002,-94.6335,clear sky,62.24,75,0,0.0
391,Ocos,GT,2022-10-06 04:36:40,14.5094,-92.1933,overcast clouds,75.38,83,100,5.41
392,Juybar,IR,2022-10-06 04:36:41,36.6412,52.9124,clear sky,69.96,65,0,8.46
393,Tucuman,AR,2022-10-06 04:32:54,-26.8241,-65.2226,overcast clouds,62.6,59,100,10.36
394,Glens Falls,US,2022-10-06 04:36:41,43.3095,-73.644,clear sky,48.85,95,0,2.08
395,Olafsvik,IS,2022-10-06 04:36:41,64.8945,-23.7142,overcast clouds,43.57,66,98,8.5
396,Moranbah,AU,2022-10-06 04:36:42,-22.0016,148.0466,broken clouds,79.83,50,52,17.63
397,Kalmunai,LK,2022-10-06 04:36:42,7.4167,81.8167,overcast clouds,87.13,56,100,2.19
398,San Jose De Guanipa,VE,2022-10-06 04:36:42,8.8872,-64.1651,overcast clouds,73.36,95,100,6.98
399,Saint-Louis,SN,2022-10-06 04:36:43,16.3333,-15.0,scattered clouds,81.18,71,27,10.83
400,Kamloops,CA,2022-10-06 04:36:43,50.6665,-120.3192,clear sky,60.75,60,0,2.3
401,Mezen,RU,2022-10-06 04:36:43,65.8522,44.24,overcast clouds,44.65,95,100,6.38
402,Kruisfontein,ZA,2022-10-06 04:36:10,-34.0033,24.7314,few clouds,50.88,84,24,6.44
403,Meulaboh,ID,2022-10-06 04:36:44,4.1363,96.1285,broken clouds,81.27,76,82,3.31
404,Benjamin Constant,BR,2022-10-06 04:36:44,-4.3831,-70.0311,scattered clouds,75.33,77,26,0.43
405,Hami,CN,2022-10-06 04:36:44,42.8,93.45,clear sky,61.97,28,0,2.19
406,Toamasina,MG,2022-10-06 04:36:45,-18.1667,49.3833,broken clouds,68.0,94,75,2.3
407,Puquio,PE,2022-10-06 04:36:45,-14.7,-74.1333,clear sky,45.73,30,0,4.36
408,Xai-Xai,MZ,2022-10-06 04:36:45,-25.0519,33.6442,clear sky,77.02,61,0,10.96
409,Moscow,RU,2022-10-06 04:33:21,55.7522,37.6156,broken clouds,45.37,89,55,5.06
410,Constitucion,CL,2022-10-06 04:36:46,-35.3333,-72.4167,broken clouds,48.33,87,61,5.12
411,Kumta,IN,2022-10-06 04:36:46,14.4167,74.4,overcast clouds,80.74,80,100,7.96
412,Verkhoyansk,RU,2022-10-06 04:36:46,67.5447,133.385,overcast clouds,26.29,78,100,10.33
413,Torbeyevo,RU,2022-10-06 04:36:47,54.0797,43.2473,overcast clouds,43.56,85,99,10.71
414,Arklow,IE,2022-10-06 04:36:26,52.7931,-6.1414,few clouds,56.08,87,21,15.26
415,Kjollefjord,NO,2022-10-06 04:36:47,70.9457,27.3465,scattered clouds,42.85,81,40,12.66
416,Urusha,RU,2022-10-06 04:36:47,54.05,122.9,scattered clouds,41.38,34,44,5.68
417,Westport,US,2022-10-06 04:32:03,41.1415,-73.3579,broken clouds,62.15,88,75,5.75
418,Anadyr,RU,2022-10-06 04:36:48,64.75,177.4833,broken clouds,36.1,87,75,26.84
419,Ternate,ID,2022-10-06 04:36:48,0.8,127.4,broken clouds,86.45,64,79,6.31
420,Pafos,CY,2022-10-06 04:36:49,34.7667,32.4167,few clouds,62.38,59,20,12.66
421,Tabou,CI,2022-10-06 04:36:49,4.423,-7.3528,light rain,74.75,91,100,1.36
422,Severo-Kurilsk,RU,2022-10-06 04:36:49,50.6789,156.125,few clouds,46.8,63,20,14.03
423,Grand Gaube,MU,2022-10-06 04:34:11,-20.0064,57.6608,clear sky,75.6,67,7,11.99
424,Port-Cartier,CA,2022-10-06 04:37:50,50.0334,-66.8654,overcast clouds,48.42,92,97,2.93
425,East London,ZA,2022-10-06 04:33:25,-33.0153,27.9116,broken clouds,63.64,83,84,13.13
426,Las Vegas,US,2022-10-06 04:37:28,36.175,-115.1372,clear sky,83.34,23,0,5.75
427,Laguna,US,2022-10-06 04:35:53,38.421,-121.4238,clear sky,77.14,62,0,3.44
428,Nizhniy Odes,RU,2022-10-06 04:37:50,63.6445,54.856,overcast clouds,40.86,94,100,5.93
429,Itarema,BR,2022-10-06 04:37:50,-2.9248,-39.9167,clear sky,77.92,80,9,15.41
430,Tapalpa,MX,2022-10-06 04:37:51,19.95,-103.7667,overcast clouds,55.13,94,93,1.54
431,Mayor Pablo Lagerenza,PY,2022-10-06 04:37:51,-19.9309,-60.7718,scattered clouds,88.5,41,39,14.52
432,Mayumba,GA,2022-10-06 04:37:51,-3.432,10.6554,overcast clouds,75.65,89,100,6.31
433,Lashio,MM,2022-10-06 04:37:52,22.9333,97.75,broken clouds,82.04,63,51,2.84
434,Trinidad,BO,2022-10-06 04:37:52,-14.8333,-64.9,moderate rain,74.68,82,72,4.38
435,Fukue,JP,2022-10-06 04:37:52,32.6881,128.8419,moderate rain,70.16,73,75,6.91
436,Khingansk,RU,2022-10-06 04:37:53,49.1167,131.1833,scattered clouds,39.7,31,33,11.07
437,Haines Junction,CA,2022-10-06 04:37:53,60.7522,-137.5108,broken clouds,55.35,44,54,8.05
438,Sur,OM,2022-10-06 04:37:53,22.5667,59.5289,clear sky,88.21,46,0,0.96
439,Madarounfa,NE,2022-10-06 04:37:53,13.3087,7.156,broken clouds,80.56,55,71,6.78
440,Mount Gambier,AU,2022-10-06 04:37:54,-37.8333,140.7667,light rain,60.71,94,75,4.61
441,Gasa,PS,2022-10-06 04:37:54,31.5,34.4667,few clouds,69.87,73,15,5.06
442,Gamba,GA,2022-10-06 04:37:55,-2.65,10.0,overcast clouds,75.56,88,99,6.78
443,Fare,PF,2022-10-06 04:37:55,-16.7,-151.0167,clear sky,77.76,75,2,25.55
444,Isangel,VU,2022-10-06 04:34:18,-19.55,169.2667,broken clouds,80.71,78,75,9.22
445,Krasnoselkup,RU,2022-10-06 04:37:55,65.7,82.4667,overcast clouds,35.19,78,100,4.21
446,Khasan,RU,2022-10-06 04:37:56,42.4308,130.6434,broken clouds,52.59,33,83,8.28
447,Abonnema,NG,2022-10-06 04:37:56,4.7084,6.7931,light rain,75.31,91,98,3.56
448,Acajutla,SV,2022-10-06 04:37:56,13.5928,-89.8275,overcast clouds,78.06,80,100,4.7
449,Port-Gentil,GA,2022-10-06 04:37:56,-0.7193,8.7815,overcast clouds,77.43,83,100,12.44
450,Vila Franca Do Campo,PT,2022-10-06 04:37:58,37.7167,-25.4333,overcast clouds,69.19,84,97,9.93
451,Manggar,ID,2022-10-06 04:37:58,-2.8833,108.2667,overcast clouds,83.62,70,98,7.49
452,Mgandu,TZ,2022-10-06 04:37:59,-5.95,34.1333,overcast clouds,63.27,62,98,12.55
453,Aquiraz,BR,2022-10-06 04:37:59,-3.9014,-38.3911,scattered clouds,80.69,81,48,13.76
454,Yurla,RU,2022-10-06 04:38:00,59.3259,54.3223,overcast clouds,44.04,80,100,6.6
455,Petropavlovsk-Kamchatskiy,RU,2022-10-06 04:38:00,53.0452,158.6483,broken clouds,46.99,46,75,15.66
456,Marystown,CA,2022-10-06 04:38:00,47.1666,-55.1483,overcast clouds,49.55,77,100,3.29
457,Takhtamygda,RU,2022-10-06 04:38:01,54.1,123.5667,broken clouds,41.76,36,54,5.88
458,Tsaratanana,MG,2022-10-06 04:38:01,-16.7833,47.65,clear sky,73.94,50,0,10.74
459,Mosquera,CO,2022-10-06 04:35:14,4.7059,-74.2302,broken clouds,53.69,94,75,4.61
460,Tiznit,MA,2022-10-06 04:38:02,29.5833,-9.5,broken clouds,69.42,53,84,1.12
461,Dubai,AE,2022-10-06 04:36:16,25.2582,55.3047,haze,85.93,79,0,4.61
462,Buraydah,SA,2022-10-06 04:38:02,26.326,43.975,clear sky,70.25,15,0,1.1
463,Malakal,SS,2022-10-06 04:38:03,9.5334,31.6605,broken clouds,72.03,90,81,3.04
464,Carlibaba,RO,2022-10-06 04:38:03,47.5833,25.1333,overcast clouds,39.18,74,100,4.03
465,Souillac,MU,2022-10-06 04:38:00,-20.5167,57.5167,light rain,75.58,69,40,12.66
466,Novoagansk,RU,2022-10-06 04:38:04,61.9449,76.6625,scattered clouds,38.35,71,35,4.14
467,Faya,SA,2022-10-06 04:33:26,18.3851,42.4509,scattered clouds,66.72,25,29,10.51
468,San Policarpo,PH,2022-10-06 04:39:04,12.1791,125.5072,scattered clouds,83.66,79,49,7.16
469,Ketchikan,US,2022-10-06 04:39:05,55.3422,-131.6461,overcast clouds,57.67,94,100,0.0
470,Albury,AU,2022-10-06 04:39:05,-36.0833,146.9167,overcast clouds,62.15,94,100,8.05
471,Allada,BJ,2022-10-06 04:39:05,6.6655,2.1514,scattered clouds,77.76,98,49,3.6
472,Liverpool,GB,2022-10-06 04:34:22,53.4106,-2.9779,clear sky,53.71,82,0,13.8
473,Parvatipuram,IN,2022-10-06 04:39:06,18.7833,83.4333,light rain,80.87,84,99,4.09
474,Linxia,CN,2022-10-06 04:39:06,35.6003,103.2064,overcast clouds,54.36,51,100,6.08
475,Havelock,US,2022-10-06 04:39:06,34.8791,-76.9013,clear sky,60.94,91,0,3.27
476,Jerome,US,2022-10-06 04:36:43,42.7241,-114.5186,clear sky,61.63,44,0,3.44
477,Alugan,PH,2022-10-06 04:39:07,12.2188,125.4808,scattered clouds,83.48,80,48,6.96
478,Xining,CN,2022-10-06 04:36:47,36.6167,101.7667,overcast clouds,47.01,72,99,5.41
479,Tanout,NE,2022-10-06 04:39:07,14.9709,8.8879,overcast clouds,84.09,38,85,4.9
480,Hambantota,LK,2022-10-06 04:39:07,6.1241,81.1185,scattered clouds,89.94,62,40,13.8
481,Ekhabi,RU,2022-10-06 04:39:08,53.5102,142.9671,light rain,38.5,59,97,18.59
482,Thanatpin,MM,2022-10-06 04:39:08,17.2119,96.3033,broken clouds,87.98,70,77,4.45
483,Phek,IN,2022-10-06 04:39:09,25.6667,94.5,broken clouds,70.48,74,77,1.86
484,Mazatlan,MX,2022-10-06 04:39:09,23.2167,-106.4167,broken clouds,83.01,84,75,1.99
485,Kepala Batas,MY,2022-10-06 04:39:09,5.5171,100.4265,few clouds,86.02,74,20,3.44
486,Harnai,PK,2022-10-06 04:39:10,30.1005,67.9374,clear sky,80.87,21,0,3.2
487,Dingli,MT,2022-10-06 04:39:10,35.8614,14.3822,few clouds,64.81,82,20,2.3
488,Tahoua,NE,2022-10-06 04:39:10,14.8888,5.2692,broken clouds,83.03,57,68,7.63
489,Catamarca,AR,2022-10-06 04:39:10,-28.4696,-65.7852,overcast clouds,56.77,77,98,1.99
490,Banepa,NP,2022-10-06 04:39:11,27.6298,85.5214,overcast clouds,64.72,100,100,8.05
491,Bratsk,RU,2022-10-06 04:39:11,56.1325,101.6142,overcast clouds,34.29,71,99,11.34
492,Belyy Yar,RU,2022-10-06 04:39:11,53.6039,91.3903,clear sky,42.69,70,0,2.24
493,Nouadhibou,MR,2022-10-06 04:39:12,20.931,-17.0347,overcast clouds,78.78,50,86,18.41
494,Sistranda,NO,2022-10-06 04:39:12,63.7256,8.834,light rain,48.16,80,80,32.75
495,Awjilah,LY,2022-10-06 04:39:12,29.1081,21.2869,broken clouds,69.69,54,70,11.59
496,Wellington,NZ,2022-10-06 04:39:13,-41.2866,174.7756,clear sky,51.06,50,5,20.71
497,Tefe,BR,2022-10-06 04:39:13,-3.3542,-64.7114,scattered clouds,76.48,77,46,1.28
498,Yulara,AU,2022-10-06 04:39:13,-25.2406,130.9889,clear sky,94.84,11,3,20.71
499,Miami,US,2022-10-06 04:38:30,25.7743,-80.1937,scattered clouds,79.02,76,40,3.44
500,Baykit,RU,2022-10-06 04:39:14,61.67,96.37,broken clouds,36.46,74,82,4.99
501,Nola,IT,2022-10-06 04:39:14,40.922,14.5329,overcast clouds,65.62,79,97,3.2
502,Carauari,BR,2022-10-06 04:37:04,-4.8828,-66.8958,broken clouds,76.75,73,72,1.74
503,Takoradi,GH,2022-10-06 04:39:14,4.8845,-1.7554,light rain,74.41,93,61,6.49
504,Seversk,RU,2022-10-06 04:39:15,56.6006,84.8864,overcast clouds,38.08,91,100,5.77
505,Kavieng,PG,2022-10-06 04:39:15,-2.5744,150.7967,broken clouds,84.52,72,78,11.74
506,Kitob,UZ,2022-10-06 04:39:16,39.0843,66.8332,clear sky,69.67,14,0,3.4
507,Poum,NC,2022-10-06 04:39:16,-20.2333,164.0167,overcast clouds,74.64,63,98,13.22
508,Maarianhamina,AX,2022-10-06 04:39:17,60.0973,19.9348,overcast clouds,57.06,88,100,20.71
509,Kutum,SD,2022-10-06 04:39:17,14.2,24.6667,broken clouds,76.37,30,57,5.88
510,Airai,TL,2022-10-06 04:39:17,-8.9266,125.4092,overcast clouds,75.27,53,98,2.98
511,Bhimunipatnam,IN,2022-10-06 04:39:18,17.8833,83.4333,overcast clouds,85.51,80,100,8.46
512,Disna,BY,2022-10-06 04:39:18,55.568,28.1971,few clouds,45.09,94,20,8.16
513,Impfondo,CG,2022-10-06 04:39:19,1.6381,18.0667,overcast clouds,70.65,98,100,1.25
514,Padang,ID,2022-10-06 04:39:19,-0.9492,100.3543,overcast clouds,86.05,73,91,7.16
515,Sorland,NO,2022-10-06 04:40:19,67.667,12.6934,overcast clouds,48.06,79,100,36.75
516,College,US,2022-10-06 04:40:20,64.8569,-147.8028,scattered clouds,42.91,79,40,0.0
517,Broome,US,2022-10-06 04:40:20,42.2506,-75.833,clear sky,52.63,78,4,2.04
518,Catalao,BR,2022-10-06 04:40:20,-18.1658,-47.9464,broken clouds,68.54,77,60,2.53
519,Bardiyah,LY,2022-10-06 04:40:21,31.7561,25.0865,clear sky,69.96,63,0,7.43
520,Igarka,RU,2022-10-06 04:40:21,67.4667,86.5833,overcast clouds,32.59,79,100,4.5
521,Santa,PH,2022-10-06 04:37:42,17.486,120.4348,broken clouds,88.02,59,61,8.23
522,Pangnirtung,CA,2022-10-06 04:37:15,66.1451,-65.7125,light snow,30.45,92,100,2.75
523,Daru,PG,2022-10-06 04:40:22,-9.0763,143.2092,overcast clouds,82.8,81,99,15.68
524,Saint-Augustin,CA,2022-10-06 04:40:22,51.226,-58.6502,overcast clouds,50.99,89,86,8.75
525,Malartic,CA,2022-10-06 04:37:39,48.1335,-78.1328,overcast clouds,59.11,87,94,5.66
526,Krasnyy Chikoy,RU,2022-10-06 04:40:23,50.3643,108.7512,scattered clouds,45.1,32,36,3.36
527,Severobaykalsk,RU,2022-10-06 04:40:23,55.65,109.3167,broken clouds,32.2,63,79,3.58
528,Skibbereen,IE,2022-10-06 04:40:23,51.55,-9.2667,scattered clouds,59.11,90,44,21.09
529,Balikpapan,ID,2022-10-06 04:40:24,-1.2675,116.8289,scattered clouds,85.19,74,40,6.91
530,Leh,IN,2022-10-06 04:40:24,34.1667,77.5833,clear sky,48.65,33,0,5.37
531,Makat,KZ,2022-10-06 04:40:24,47.6469,53.3463,overcast clouds,61.54,20,87,17.05
532,Gemena,CD,2022-10-06 04:40:25,3.25,19.7667,overcast clouds,69.19,98,95,0.72
533,Abbeville,FR,2022-10-06 04:40:25,50.1,1.8333,scattered clouds,57.16,79,25,6.22
534,Jodhpur,IN,2022-10-06 04:40:25,26.2867,73.03,few clouds,91.17,31,20,7.07
535,Vestmannaeyjar,IS,2022-10-06 04:40:26,63.4427,-20.2734,scattered clouds,44.69,68,50,11.72
536,Bose,IT,2022-10-06 04:40:26,45.4612,8.0137,clear sky,60.22,88,1,3.11
537,Virginia Beach,US,2022-10-06 04:35:57,36.8529,-75.978,overcast clouds,62.62,91,100,4.61
538,Leshukonskoye,RU,2022-10-06 04:40:27,64.8989,45.7622,overcast clouds,44.29,96,100,4.5
539,Dinghai,CN,2022-10-06 04:40:27,26.2847,119.7936,overcast clouds,77.92,79,98,17.85
540,Vertientes,CU,2022-10-06 04:40:27,21.2594,-78.1464,scattered clouds,75.81,88,40,6.31
541,Watsa,CD,2022-10-06 04:40:28,3.0372,29.5355,overcast clouds,65.19,97,99,1.57
542,Csany,HU,2022-10-06 04:40:28,47.6483,19.8297,overcast clouds,46.74,77,96,1.12
543,Chadiza,ZM,2022-10-06 04:40:28,-14.0678,32.4392,clear sky,70.84,33,5,3.53
544,Nuuk,GL,2022-10-06 04:40:28,64.1835,-51.7216,broken clouds,34.41,80,75,9.22
545,Havoysund,NO,2022-10-06 04:40:29,70.9963,24.6622,overcast clouds,43.03,84,100,13.69
546,Lucapa,AO,2022-10-06 04:40:29,-8.4192,20.7447,overcast clouds,67.08,88,100,2.17
547,Kamaishi,JP,2022-10-06 04:40:29,39.2667,141.8833,light rain,54.36,69,100,2.3
548,Pauini,BR,2022-10-06 04:40:30,-7.7136,-66.9764,few clouds,73.56,83,23,0.45
549,Sao Miguel,BR,2022-10-06 04:40:30,-5.4667,-35.3667,clear sky,74.17,89,7,9.4
550,Touros,BR,2022-10-06 04:37:58,-5.1989,-35.4608,clear sky,75.24,88,6,9.01
551,Presidencia Roque Saenz Pena,AR,2022-10-06 04:40:30,-26.7852,-60.4388,overcast clouds,66.07,97,98,6.73
552,Tacoronte,ES,2022-10-06 04:40:31,28.4769,-16.4102,broken clouds,69.33,90,75,27.63
553,Olney,US,2022-10-06 04:40:31,39.1532,-77.0669,clear sky,58.01,95,0,0.0
554,Treinta Y Tres,UY,2022-10-06 04:40:31,-33.2333,-54.3833,overcast clouds,56.75,90,100,11.3
555,Fort-Shevchenko,KZ,2022-10-06 04:40:32,44.5086,50.263,broken clouds,66.47,73,66,6.69
556,Garissa,KE,2022-10-06 04:40:32,-0.4536,39.6401,light rain,76.6,74,89,15.88
557,Sola,VU,2022-10-06 04:38:39,-13.8833,167.55,few clouds,80.89,74,23,12.59
558,Tungor,RU,2022-10-06 04:40:33,53.3808,142.9564,light rain,38.39,59,91,17.98
559,Aswan,EG,2022-10-06 04:41:33,24.0934,32.907,clear sky,83.5,32,0,5.75
560,Salur,IN,2022-10-06 04:41:33,18.5333,83.2167,overcast clouds,80.01,85,100,3.53
561,Menzelinsk,RU,2022-10-06 04:41:34,55.7271,53.1026,light rain,47.41,90,100,11.07
562,Vila,PT,2022-10-06 04:41:34,42.0304,-8.1588,overcast clouds,54.48,90,98,5.21
